{"title":"Le Jardin d'Elise test","description":"ma tres tres longue description wdqwewqee eweqwe qwe qweqw.      wqewqqwe","suffix":"| IZIprint","social_image":{"id":"22d585fc-7b1f-4c2e-9620-01b50f3ca041","name":"0790_logo500.png","title_tag":null,"alt_tag":null,"original_name":"logo-500.png","url":"http:\/\/localhost:3000\/image_uploads\/0790_logo500.png","thumb_url":"http:\/\/localhost:3000\/image_uploads\/thumb_0790_logo500.png","block_id":null,"page_id":null,"created_at":"2021-08-05T08:59:55.000000Z"}}